SUBID,TCK,noise_T01,noise_T02
07CAMINO6124,LKN27,144.29,147.455
07CAMINO6124,LKN28,146.58,146.89
07CAMINO6124,LKN29,144.588,147.841
07CAMINO6124,LKN30,146.798,147.169
07CAMINO6124,LKN31,147.952,152.453
07CAMINO6124,LKN32,146.701,150.768
07CAMINO6124,LKN33,143.75,148.943
07CAMINO6124,LKN34,140.732,143.298
07CAMINO6124,LKN35,149.974,152.229
07CAMINO6124,LKN36,148.566,150.756
07CAMINO6124,LKN37,145.334,150.321
07CAMINO6124,LKN38,144.494,148.897
07CAMINO6124,LKN39,150.67,154.221
07CAMINO6124,LKN40,149.85,151.414
07CAMINO6124,LKN41,155.547,152.748
07CAMINO6124,LKN42,155.77,154.941
07CAMINO6124,LKN43,133.231,136.886
07CAMINO6124,LKN44,135.387,135.975
07CAMINO6124,LKN45,130.697,133.522
07CAMINO6124,LKN46,131.61,132.149
07CAMINO6124,LKN47,132.219,136.577
07CAMINO6124,LKN48,135.355,134.95
26CAMINO3920,LKN27,144.18,142.8
26CAMINO3920,LKN28,145.417,142.199
26CAMINO3920,LKN29,144.143,141.984
26CAMINO3920,LKN30,145.214,141.72
26CAMINO3920,LKN31,152.568,148.724
26CAMINO3920,LKN32,149.457,148.363
26CAMINO3920,LKN33,148.292,149.248
26CAMINO3920,LKN34,147.346,148.825
26CAMINO3920,LKN35,149.742,151.645
26CAMINO3920,LKN36,145.1,148.853
26CAMINO3920,LKN37,147.394,151.379
26CAMINO3920,LKN38,143.243,148.201
26CAMINO3920,LKN39,144.502,152.907
26CAMINO3920,LKN40,144.366,151.117
26CAMINO3920,LKN41,146.454,155.764
26CAMINO3920,LKN42,147.248,156.03
26CAMINO3920,LKN43,132.4,135.193
26CAMINO3920,LKN44,133.621,136.312
26CAMINO3920,LKN45,128.153,132.058
26CAMINO3920,LKN46,128.809,134.134
26CAMINO3920,LKN47,129.164,134.692
26CAMINO3920,LKN48,132.362,138.664
41TPEF4693,LKN27,142.618,130.116
41TPEF4693,LKN28,143.358,136.256
41TPEF4693,LKN29,142.456,130.313
41TPEF4693,LKN30,143.396,135.897
41TPEF4693,LKN31,159.448,153.754
41TPEF4693,LKN32,158.533,150.447
41TPEF4693,LKN33,153.875,165.549
41TPEF4693,LKN34,149.937,157.423
41TPEF4693,LKN35,159.346,147.958
41TPEF4693,LKN36,153.521,146.936
41TPEF4693,LKN37,152.546,155.722
41TPEF4693,LKN38,151.224,153.047
41TPEF4693,LKN39,144.85,108.499
41TPEF4693,LKN40,144.923,102.999
41TPEF4693,LKN41,146.49,80.2432
41TPEF4693,LKN42,146.0,87.0161
41TPEF4693,LKN43,143.627,154.446
41TPEF4693,LKN44,143.22,151.103
41TPEF4693,LKN45,139.464,152.885
41TPEF4693,LKN46,140.397,148.613
41TPEF4693,LKN47,141.314,155.486
41TPEF4693,LKN48,140.348,153.743
S001,CFMaj,141.158,
S001,CFMin,151.444,
S001,LAF,137.285,
S001,LCC,139.568,
S001,LCH,147.006,
S001,LCST,137.46,
S001,LIFOF,142.785,
S001,LILF,141.767,
S001,LKN27,139.326,
S001,LKN28,140.889,
S001,LKN29,139.25,
S001,LKN30,140.962,
S001,LKN31,143.356,
S001,LKN32,141.47,
S001,LKN33,141.617,
S001,LKN34,140.034,
S001,LKN35,154.9,
S001,LKN36,145.675,
S001,LKN37,148.236,
S001,LKN38,140.781,
S001,LKN39,138.25,
S001,LKN40,137.838,
S001,LKN41,139.459,
S001,LKN42,138.758,
S001,LKN43,132.184,
S001,LKN44,132.425,
S001,LKN45,131.127,
S001,LKN46,132.277,
S001,LKN47,131.213,
S001,LKN48,134.231,
S001,LORV1,139.915,
S001,LORV1V2,139.528,
S001,LORV1V2R3,139.401,
S001,LSLF,137.11,
S001,LTR,146.59,
S001,LUF,152.28,
S001,RAF,136.82,
S001,RCC,138.868,
S001,RCH,141.577,
S001,RCST,139.247,
S001,RIFO,142.249,
S001,RILF,142.525,
S001,RORV1,140.895,
S001,RORV1V2,140.906,
S001,RORV1V2R3,140.951,
S001,RSLF,138.738,
S001,RTR,146.939,
S001,RUF,151.066,
S003,CFMaj,138.22,
S003,CFMin,152.563,
S003,LAF,142.501,
S003,LCC,141.48,
S003,LCH,141.406,
S003,LCST,147.329,
S003,LIFOF,140.562,
S003,LILF,134.181,
S003,LKN27,132.917,
S003,LKN28,136.242,
S003,LKN29,132.605,
S003,LKN30,136.314,
S003,LKN31,147.331,
S003,LKN32,144.366,
S003,LKN33,148.687,
S003,LKN34,145.819,
S003,LKN35,154.364,
S003,LKN36,152.068,
S003,LKN37,146.508,
S003,LKN38,146.069,
S003,LKN39,137.559,
S003,LKN40,137.46,
S003,LKN41,145.328,
S003,LKN42,144.534,
S003,LKN43,140.536,
S003,LKN44,139.378,
S003,LKN45,136.898,
S003,LKN46,137.609,
S003,LKN47,137.856,
S003,LKN48,142.153,
S003,LORV1,134.143,
S003,LORV1V2,132.849,
S003,LORV1V2R3,132.761,
S003,LSLF,142.592,
S003,LTR,146.658,
S003,LUF,159.297,
S003,RAF,137.937,
S003,RCC,144.498,
S003,RCH,158.876,
S003,RCST,143.177,
S003,RIFO,141.362,
S003,RILF,140.029,
S003,RORV1,136.235,
S003,RORV1V2,136.358,
S003,RORV1V2R3,136.508,
S003,RSLF,142.099,
S003,RTR,148.395,
S003,RUF,153.714,
S004,CFMaj,142.188,
S004,CFMin,144.586,
S004,LAF,137.13,
S004,LCC,135.391,
S004,LCH,143.628,
S004,LCST,138.189,
S004,LIFOF,141.136,
S004,LILF,142.547,
S004,LKN27,140.841,
S004,LKN28,140.941,
S004,LKN29,140.774,
S004,LKN30,140.575,
S004,LKN31,151.517,
S004,LKN32,149.446,
S004,LKN33,149.772,
S004,LKN34,147.987,
S004,LKN35,149.897,
S004,LKN36,146.757,
S004,LKN37,147.107,
S004,LKN38,145.564,
S004,LKN39,138.825,
S004,LKN40,138.857,
S004,LKN41,137.989,
S004,LKN42,139.929,
S004,LKN43,132.487,
S004,LKN44,134.25,
S004,LKN45,128.477,
S004,LKN46,129.699,
S004,LKN47,129.491,
S004,LKN48,133.347,
S004,LORV1,141.28,
S004,LORV1V2,140.869,
S004,LORV1V2R3,140.733,
S004,LSLF,135.628,
S004,LTR,143.426,
S004,LUF,150.319,
S004,RAF,138.087,
S004,RCC,136.338,
S004,RCH,142.466,
S004,RCST,138.931,
S004,RIFO,142.589,
S004,RILF,143.421,
S004,RORV1,141.177,
S004,RORV1V2,141.056,
S004,RORV1V2R3,140.851,
S004,RSLF,136.52,
S004,RTR,141.607,
S004,RUF,144.737,
S005,CFMaj,140.524,
S005,CFMin,141.817,
S005,LAF,135.975,
S005,LCC,137.846,
S005,LCH,151.148,
S005,LCST,141.745,
S005,LIFOF,141.871,
S005,LILF,140.274,
S005,LKN27,139.026,
S005,LKN28,138.267,
S005,LKN29,138.903,
S005,LKN30,138.003,
S005,LKN31,144.259,
S005,LKN32,141.691,
S005,LKN33,144.025,
S005,LKN34,140.795,
S005,LKN35,148.07,
S005,LKN36,146.849,
S005,LKN37,145.737,
S005,LKN38,145.379,
S005,LKN39,143.857,
S005,LKN40,144.594,
S005,LKN41,151.071,
S005,LKN42,149.358,
S005,LKN43,132.475,
S005,LKN44,133.568,
S005,LKN45,130.853,
S005,LKN46,132.474,
S005,LKN47,132.308,
S005,LKN48,134.916,
S005,LORV1,139.813,
S005,LORV1V2,139.016,
S005,LORV1V2R3,139.023,
S005,LSLF,135.534,
S005,LTR,142.01,
S005,LUF,156.209,
S005,RAF,135.709,
S005,RCC,138.552,
S005,RCH,147.782,
S005,RCST,141.839,
S005,RIFO,142.564,
S005,RILF,144.248,
S005,RORV1,140.752,
S005,RORV1V2,138.805,
S005,RORV1V2R3,138.636,
S005,RSLF,135.176,
S005,RTR,141.3,
S005,RUF,152.385,
S006,CFMaj,139.765,
S006,CFMin,149.326,
S006,LAF,139.063,
S006,LCC,139.563,
S006,LCH,149.248,
S006,LCST,157.034,
S006,LIFOF,138.547,
S006,LILF,142.565,
S006,LKN27,141.248,
S006,LKN28,140.879,
S006,LKN29,141.427,
S006,LKN30,141.117,
S006,LKN31,139.622,
S006,LKN32,140.103,
S006,LKN33,139.767,
S006,LKN34,138.606,
S006,LKN35,155.598,
S006,LKN36,145.208,
S006,LKN37,146.809,
S006,LKN38,144.922,
S006,LKN39,144.595,
S006,LKN40,144.759,
S006,LKN41,149.605,
S006,LKN42,149.618,
S006,LKN43,139.691,
S006,LKN44,141.463,
S006,LKN45,135.917,
S006,LKN46,137.469,
S006,LKN47,138.453,
S006,LKN48,140.437,
S006,LORV1,138.935,
S006,LORV1V2,140.807,
S006,LORV1V2R3,141.192,
S006,LSLF,139.96,
S006,LTR,143.955,
S006,LUF,154.231,
S006,RAF,139.523,
S006,RCC,140.591,
S006,RCH,145.994,
S006,RCST,156.781,
S006,RIFO,140.044,
S006,RILF,145.11,
S006,RORV1,138.332,
S006,RORV1V2,139.749,
S006,RORV1V2R3,140.721,
S006,RSLF,141.415,
S006,RTR,143.928,
S006,RUF,156.085,
S007,CFMaj,142.881,
S007,CFMin,145.925,
S007,LAF,140.604,
S007,LCC,137.447,
S007,LCH,141.78,
S007,LCST,131.524,
S007,LIFOF,142.223,
S007,LILF,142.253,
S007,LKN27,142.69,
S007,LKN28,142.996,
S007,LKN29,142.59,
S007,LKN30,142.993,
S007,LKN31,145.795,
S007,LKN32,144.999,
S007,LKN33,144.878,
S007,LKN34,140.403,
S007,LKN35,150.088,
S007,LKN36,148.975,
S007,LKN37,147.385,
S007,LKN38,146.2,
S007,LKN39,133.624,
S007,LKN40,133.883,
S007,LKN41,133.021,
S007,LKN42,133.926,
S007,LKN43,131.264,
S007,LKN44,130.078,
S007,LKN45,131.586,
S007,LKN46,131.016,
S007,LKN47,130.83,
S007,LKN48,132.969,
S007,LORV1,142.507,
S007,LORV1V2,142.789,
S007,LORV1V2R3,142.544,
S007,LSLF,137.181,
S007,LTR,142.908,
S007,LUF,144.131,
S007,RAF,138.125,
S007,RCC,136.079,
S007,RCH,139.319,
S007,RCST,131.425,
S007,RIFO,143.262,
S007,RILF,141.995,
S007,RORV1,143.269,
S007,RORV1V2,142.94,
S007,RORV1V2R3,142.648,
S007,RSLF,136.418,
S007,RTR,142.491,
S007,RUF,141.34,
S009,CFMaj,146.28,
S009,CFMin,146.244,
S009,LAF,137.318,
S009,LCC,137.283,
S009,LCH,156.43,
S009,LCST,140.305,
S009,LIFOF,141.93,
S009,LILF,145.039,
S009,LKN27,140.295,
S009,LKN28,141.944,
S009,LKN29,139.674,
S009,LKN30,141.267,
S009,LKN31,143.867,
S009,LKN32,142.9,
S009,LKN33,143.006,
S009,LKN34,141.036,
S009,LKN35,144.904,
S009,LKN36,143.321,
S009,LKN37,144.38,
S009,LKN38,143.546,
S009,LKN39,156.495,
S009,LKN40,156.004,
S009,LKN41,151.612,
S009,LKN42,156.296,
S009,LKN43,134.831,
S009,LKN44,133.754,
S009,LKN45,133.908,
S009,LKN46,133.132,
S009,LKN47,135.264,
S009,LKN48,135.232,
S009,LORV1,138.589,
S009,LORV1V2,140.065,
S009,LORV1V2R3,139.307,
S009,LSLF,136.717,
S009,LTR,142.809,
S009,LUF,166.744,
S009,RAF,136.102,
S009,RCC,135.887,
S009,RCH,157.293,
S009,RCST,138.108,
S009,RIFO,143.374,
S009,RILF,142.703,
S009,RORV1,139.794,
S009,RORV1V2,142.032,
S009,RORV1V2R3,141.874,
S009,RSLF,136.603,
S009,RTR,141.226,
S009,RUF,155.061,
S010,CFMaj,149.459,
S010,CFMin,152.427,
S010,LAF,147.823,
S010,LCC,144.549,
S010,LCH,158.018,
S010,LCST,158.41,
S010,LIFOF,150.316,
S010,LILF,149.463,
S010,LKN27,145.652,
S010,LKN28,148.812,
S010,LKN29,145.531,
S010,LKN30,148.808,
S010,LKN31,164.132,
S010,LKN32,161.19,
S010,LKN33,153.811,
S010,LKN34,152.344,
S010,LKN35,158.49,
S010,LKN36,156.34,
S010,LKN37,154.054,
S010,LKN38,152.949,
S010,LKN39,142.735,
S010,LKN40,142.252,
S010,LKN41,140.64,
S010,LKN42,142.206,
S010,LKN43,140.451,
S010,LKN44,140.278,
S010,LKN45,138.603,
S010,LKN46,138.295,
S010,LKN47,140.209,
S010,LKN48,142.474,
S010,LORV1,145.989,
S010,LORV1V2,145.692,
S010,LORV1V2R3,145.562,
S010,LSLF,147.162,
S010,LTR,153.498,
S010,LUF,164.153,
S010,RAF,144.081,
S010,RCC,145.042,
S010,RCH,153.123,
S010,RCST,153.711,
S010,RIFO,148.709,
S010,RILF,149.241,
S010,RORV1,149.076,
S010,RORV1V2,149.004,
S010,RORV1V2R3,149.106,
S010,RSLF,144.605,
S010,RTR,148.962,
S010,RUF,155.995,
S011,CFMaj,140.686,
S011,CFMin,144.26,
S011,LAF,138.661,
S011,LCC,139.752,
S011,LCH,157.774,
S011,LCST,154.78,
S011,LIFOF,141.322,
S011,LILF,144.918,
S011,LKN27,139.825,
S011,LKN28,138.373,
S011,LKN29,139.799,
S011,LKN30,138.393,
S011,LKN31,166.314,
S011,LKN32,150.47,
S011,LKN33,153.345,
S011,LKN34,147.166,
S011,LKN35,152.182,
S011,LKN36,145.727,
S011,LKN37,147.168,
S011,LKN38,142.77,
S011,LKN39,158.693,
S011,LKN40,151.367,
S011,LKN41,155.762,
S011,LKN42,148.896,
S011,LKN43,135.704,
S011,LKN44,134.95,
S011,LKN45,133.901,
S011,LKN46,132.424,
S011,LKN47,136.48,
S011,LKN48,136.58,
S011,LORV1,139.948,
S011,LORV1V2,139.789,
S011,LORV1V2R3,139.57,
S011,LSLF,140.527,
S011,LTR,144.89,
S011,LUF,154.234,
S011,RAF,137.904,
S011,RCC,137.756,
S011,RCH,151.907,
S011,RCST,151.477,
S011,RIFO,139.973,
S011,RILF,143.351,
S011,RORV1,138.786,
S011,RORV1V2,138.605,
S011,RORV1V2R3,138.361,
S011,RSLF,139.461,
S011,RTR,141.887,
S011,RUF,152.183,
S012,CFMaj,144.644,
S012,CFMin,143.391,
S012,LAF,144.719,
S012,LCC,140.9,
S012,LCH,156.812,
S012,LCST,155.335,
S012,LIFOF,145.486,
S012,LILF,145.025,
S012,LKN27,142.99,
S012,LKN28,144.142,
S012,LKN29,143.237,
S012,LKN30,144.299,
S012,LKN31,149.055,
S012,LKN32,144.612,
S012,LKN33,147.259,
S012,LKN34,143.81,
S012,LKN35,162.608,
S012,LKN36,156.335,
S012,LKN37,153.42,
S012,LKN38,150.495,
S012,LKN39,145.028,
S012,LKN40,142.962,
S012,LKN41,147.113,
S012,LKN42,144.537,
S012,LKN43,135.862,
S012,LKN44,136.938,
S012,LKN45,134.076,
S012,LKN46,136.149,
S012,LKN47,137.07,
S012,LKN48,140.834,
S012,LORV1,143.636,
S012,LORV1V2,143.165,
S012,LORV1V2R3,143.26,
S012,LSLF,142.963,
S012,LTR,149.591,
S012,LUF,169.209,
S012,RAF,140.916,
S012,RCC,141.753,
S012,RCH,166.864,
S012,RCST,161.467,
S012,RIFO,144.002,
S012,RILF,147.34,
S012,RORV1,144.74,
S012,RORV1V2,144.134,
S012,RORV1V2R3,144.251,
S012,RSLF,142.82,
S012,RTR,145.855,
S012,RUF,161.344,
S013,CFMaj,142.237,
S013,CFMin,137.02,
S013,LAF,135.634,
S013,LCC,139.396,
S013,LCH,146.592,
S013,LCST,128.434,
S013,LIFOF,142.207,
S013,LILF,151.095,
S013,LKN27,145.412,
S013,LKN28,144.085,
S013,LKN29,144.97,
S013,LKN30,143.731,
S013,LKN31,145.146,
S013,LKN32,145.129,
S013,LKN33,141.655,
S013,LKN34,141.838,
S013,LKN35,146.24,
S013,LKN36,146.67,
S013,LKN37,143.44,
S013,LKN38,144.433,
S013,LKN39,156.523,
S013,LKN40,153.715,
S013,LKN41,157.572,
S013,LKN42,157.698,
S013,LKN43,127.983,
S013,LKN44,126.138,
S013,LKN45,126.384,
S013,LKN46,125.405,
S013,LKN47,120.539,
S013,LKN48,120.892,
S013,LORV1,145.751,
S013,LORV1V2,144.843,
S013,LORV1V2R3,144.941,
S013,LSLF,135.387,
S013,LTR,140.43,
S013,LUF,154.31,
S013,RAF,137.39,
S013,RCC,136.877,
S013,RCH,148.326,
S013,RCST,127.575,
S013,RIFO,142.101,
S013,RILF,152.079,
S013,RORV1,144.337,
S013,RORV1V2,144.107,
S013,RORV1V2R3,144.028,
S013,RSLF,133.879,
S013,RTR,137.714,
S013,RUF,162.302,
S014,CFMaj,145.436,
S014,CFMin,154.347,
S014,LAF,143.85,
S014,LCC,142.978,
S014,LCH,149.195,
S014,LCST,149.483,
S014,LIFOF,147.33,
S014,LILF,143.667,
S014,LKN27,140.219,
S014,LKN28,141.298,
S014,LKN29,139.961,
S014,LKN30,140.755,
S014,LKN31,148.466,
S014,LKN32,146.172,
S014,LKN33,145.53,
S014,LKN34,144.688,
S014,LKN35,150.759,
S014,LKN36,147.539,
S014,LKN37,147.529,
S014,LKN38,146.482,
S014,LKN39,145.059,
S014,LKN40,144.359,
S014,LKN41,146.252,
S014,LKN42,145.3,
S014,LKN43,136.317,
S014,LKN44,138.136,
S014,LKN45,134.774,
S014,LKN46,134.943,
S014,LKN47,135.863,
S014,LKN48,138.527,
S014,LORV1,139.999,
S014,LORV1V2,140.121,
S014,LORV1V2R3,140.063,
S014,LSLF,141.125,
S014,LTR,152.2,
S014,LUF,154.332,
S014,RAF,141.35,
S014,RCC,141.384,
S014,RCH,154.74,
S014,RCST,148.017,
S014,RIFO,146.448,
S014,RILF,146.115,
S014,RORV1,141.019,
S014,RORV1V2,141.389,
S014,RORV1V2R3,140.811,
S014,RSLF,141.045,
S014,RTR,147.983,
S014,RUF,149.899,
S016,CFMaj,146.459,99.4089
S016,CFMin,143.974,123.435
S016,LAF,143.219,133.113
S016,LCC,144.076,143.524
S016,LCH,140.756,95.1646
S016,LCST,147.88,162.412
S016,LIFOF,143.882,125.87
S016,LILF,142.158,105.713
S016,LKN27,142.191,91.0183
S016,LKN28,142.19,91.6888
S016,LKN29,141.937,89.9674
S016,LKN30,142.091,91.6815
S016,LKN31,144.928,137.122
S016,LKN32,144.565,138.059
S016,LKN33,143.687,162.106
S016,LKN34,145.953,155.92
S016,LKN35,148.72,124.288
S016,LKN36,147.511,127.728
S016,LKN37,145.5,152.27
S016,LKN38,145.258,152.077
S016,LKN39,145.967,102.001
S016,LKN40,144.854,107.902
S016,LKN41,149.405,106.275
S016,LKN42,149.071,125.095
S016,LKN43,142.752,155.459
S016,LKN44,140.796,156.144
S016,LKN45,140.545,169.121
S016,LKN46,140.257,165.683
S016,LKN47,144.253,151.749
S016,LKN48,143.588,154.541
S016,LORV1,142.751,98.2072
S016,LORV1V2,142.306,92.6372
S016,LORV1V2R3,142.067,90.8681
S016,LSLF,144.917,138.971
S016,LTR,149.657,171.638
S016,LUF,149.685,75.9619
S016,RAF,141.002,132.604
S016,RCC,144.015,148.176
S016,RCH,138.717,96.4698
S016,RCST,146.668,154.621
S016,RIFO,143.297,126.954
S016,RILF,140.146,101.816
S016,RORV1,143.234,99.183
S016,RORV1V2,142.479,94.2641
S016,RORV1V2R3,141.737,92.2927
S016,RSLF,144.068,140.22
S016,RTR,147.429,166.329
S016,RUF,146.756,84.1671
S017,CFMaj,136.571,138.249
S017,CFMin,130.732,140.475
S017,LAF,129.306,135.006
S017,LCC,128.073,134.851
S017,LCH,149.042,163.825
S017,LCST,142.671,154.816
S017,LIFOF,133.795,140.2
S017,LILF,137.106,145.39
S017,LKN27,137.406,139.831
S017,LKN28,138.966,136.871
S017,LKN29,137.483,139.594
S017,LKN30,138.615,136.226
S017,LKN31,141.649,147.744
S017,LKN32,135.695,140.739
S017,LKN33,133.871,142.386
S017,LKN34,133.226,137.628
S017,LKN35,141.56,145.428
S017,LKN36,140.169,145.632
S017,LKN37,139.03,146.717
S017,LKN38,133.532,144.687
S017,LKN39,146.586,160.518
S017,LKN40,145.402,160.971
S017,LKN41,151.338,162.689
S017,LKN42,149.306,164.25
S017,LKN43,128.599,137.035
S017,LKN44,129.427,137.683
S017,LKN45,125.73,133.55
S017,LKN46,127.215,134.535
S017,LKN47,125.107,135.455
S017,LKN48,128.861,137.417
S017,LORV1,137.8,141.613
S017,LORV1V2,137.359,139.777
S017,LORV1V2R3,137.396,139.747
S017,LSLF,127.696,135.038
S017,LTR,130.868,142.102
S017,LUF,144.753,168.758
S017,RAF,129.584,135.397
S017,RCC,129.487,134.191
S017,RCH,150.102,158.385
S017,RCST,143.327,156.284
S017,RIFO,137.297,141.245
S017,RILF,142.419,145.767
S017,RORV1,139.817,138.744
S017,RORV1V2,138.926,137.068
S017,RORV1V2R3,138.826,136.902
S017,RSLF,129.669,135.764
S017,RTR,132.092,140.349
S017,RUF,150.54,165.788
S018,CFMaj,141.695,155.507
S018,CFMin,144.551,150.292
S018,LAF,137.958,149.502
S018,LCC,133.983,146.398
S018,LCH,179.605,169.294
S018,LCST,151.335,163.579
S018,LIFOF,144.829,151.972
S018,LILF,149.202,148.784
S018,LKN27,144.164,150.752
S018,LKN28,142.74,150.182
S018,LKN29,144.218,149.649
S018,LKN30,142.483,149.214
S018,LKN31,155.628,152.409
S018,LKN32,148.758,151.665
S018,LKN33,149.428,151.232
S018,LKN34,143.098,151.575
S018,LKN35,155.911,159.976
S018,LKN36,152.71,150.217
S018,LKN37,150.577,162.089
S018,LKN38,148.635,147.873
S018,LKN39,154.769,168.354
S018,LKN40,154.309,168.75
S018,LKN41,157.705,166.547
S018,LKN42,157.931,168.771
S018,LKN43,134.184,142.346
S018,LKN44,134.319,140.455
S018,LKN45,132.02,140.226
S018,LKN46,130.463,138.727
S018,LKN47,131.463,146.26
S018,LKN48,134.192,141.497
S018,LORV1,144.172,152.667
S018,LORV1V2,144.068,150.739
S018,LORV1V2R3,144.171,150.182
S018,LSLF,136.718,146.688
S018,LTR,145.465,154.384
S018,LUF,169.791,156.507
S018,RAF,137.106,142.848
S018,RCC,133.633,150.08
S018,RCH,157.617,154.714
S018,RCST,160.764,163.96
S018,RIFO,145.077,151.928
S018,RILF,146.276,148.45
S018,RORV1,143.395,151.514
S018,RORV1V2,142.766,149.746
S018,RORV1V2R3,142.614,149.776
S018,RSLF,135.565,143.863
S018,RTR,142.442,154.74
S018,RUF,157.495,144.593
S019,CFMaj,143.144,
S019,CFMin,140.884,
S019,LAF,135.551,
S019,LCC,135.872,
S019,LCH,160.412,
S019,LCST,139.6,
S019,LIFOF,142.842,
S019,LILF,142.956,
S019,LKN27,142.76,
S019,LKN28,141.508,
S019,LKN29,142.657,
S019,LKN30,141.565,
S019,LKN31,151.114,
S019,LKN32,146.787,
S019,LKN33,148.404,
S019,LKN34,139.267,
S019,LKN35,150.638,
S019,LKN36,149.113,
S019,LKN37,145.589,
S019,LKN38,144.936,
S019,LKN39,157.099,
S019,LKN40,165.761,
S019,LKN41,157.516,
S019,LKN42,166.607,
S019,LKN43,134.252,
S019,LKN44,133.432,
S019,LKN45,131.971,
S019,LKN46,132.189,
S019,LKN47,133.24,
S019,LKN48,133.752,
S019,LORV1,142.285,
S019,LORV1V2,142.719,
S019,LORV1V2R3,142.739,
S019,LSLF,135.468,
S019,LTR,142.708,
S019,LUF,161.295,
S019,RAF,134.85,
S019,RCC,136.209,
S019,RCH,158.119,
S019,RCST,140.924,
S019,RIFO,143.004,
S019,RILF,142.824,
S019,RORV1,140.586,
S019,RORV1V2,141.356,
S019,RORV1V2R3,141.704,
S019,RSLF,135.835,
S019,RTR,143.655,
S019,RUF,155.584,
S020,CFMaj,148.61,147.936
S020,CFMin,142.025,142.264
S020,LAF,138.973,141.153
S020,LCC,134.497,138.359
S020,LCH,148.013,153.155
S020,LCST,147.5,135.919
S020,LIFOF,143.441,144.436
S020,LILF,142.757,155.457
S020,LKN27,145.118,151.751
S020,LKN28,146.507,151.923
S020,LKN29,144.756,151.869
S020,LKN30,146.309,151.94
S020,LKN31,148.452,151.419
S020,LKN32,143.88,145.373
S020,LKN33,145.515,141.049
S020,LKN34,142.347,142.294
S020,LKN35,153.946,150.639
S020,LKN36,151.625,149.373
S020,LKN37,150.186,148.519
S020,LKN38,148.023,147.237
S020,LKN39,150.814,152.326
S020,LKN40,149.306,154.809
S020,LKN41,152.4,151.709
S020,LKN42,152.055,155.164
S020,LKN43,136.848,131.657
S020,LKN44,138.249,130.235
S020,LKN45,134.657,128.591
S020,LKN46,135.893,132.289
S020,LKN47,139.609,128.57
S020,LKN48,140.4,128.083
S020,LORV1,145.14,151.863
S020,LORV1V2,145.039,151.711
S020,LORV1V2R3,144.771,151.886
S020,LSLF,139.49,139.096
S020,LTR,142.28,140.845
S020,LUF,150.508,168.422
S020,RAF,139.737,140.327
S020,RCC,139.589,137.394
S020,RCH,146.366,152.217
S020,RCST,151.885,138.667
S020,RIFO,145.571,144.385
S020,RILF,147.28,153.483
S020,RORV1,145.83,151.174
S020,RORV1V2,146.363,151.704
S020,RORV1V2R3,146.213,151.776
S020,RSLF,140.298,134.636
S020,RTR,143.072,138.885
S020,RUF,146.899,156.328
S021,CFMaj,134.902,113.755
S021,CFMin,138.462,89.5847
S021,LAF,135.033,94.6794
S021,LCC,136.246,92.6276
S021,LCH,140.4,132.467
S021,LCST,138.43,63.4178
S021,LIFOF,136.123,109.4
S021,LILF,139.37,122.973
S021,LKN27,135.247,122.945
S021,LKN28,133.411,127.6
S021,LKN29,135.107,122.259
S021,LKN30,133.33,127.013
S021,LKN31,135.938,118.044
S021,LKN32,135.587,119.916
S021,LKN33,132.937,121.495
S021,LKN34,133.94,124.068
S021,LKN35,133.485,119.426
S021,LKN36,134.337,126.343
S021,LKN37,131.365,123.227
S021,LKN38,132.57,126.833
S021,LKN39,137.761,141.776
S021,LKN40,139.256,142.869
S021,LKN41,137.028,139.772
S021,LKN42,137.947,139.813
S021,LKN43,134.154,51.1524
S021,LKN44,134.369,55.4164
S021,LKN45,132.452,57.3219
S021,LKN46,131.221,63.3797
S021,LKN47,133.97,53.8828
S021,LKN48,134.106,64.821
S021,LORV1,133.66,125.074
S021,LORV1V2,135.069,122.534
S021,LORV1V2R3,135.111,122.58
S021,LSLF,135.327,60.1351
S021,LTR,137.071,89.6512
S021,LUF,152.312,134.061
S021,RAF,134.407,81.4625
S021,RCC,137.475,90.6808
S021,RCH,141.498,133.301
S021,RCST,140.173,65.4787
S021,RIFO,134.636,112.275
S021,RILF,138.852,125.588
S021,RORV1,132.367,128.322
S021,RORV1V2,133.32,127.115
S021,RORV1V2R3,133.279,127.423
S021,RSLF,135.697,50.2362
S021,RTR,134.638,76.4859
S021,RUF,151.631,133.838
S022,CFMaj,142.707,128.506
S022,CFMin,149.53,61.6206
S022,LAF,142.683,79.7657
S022,LCC,143.57,95.1352
S022,LCH,163.279,138.367
S022,LCST,174.482,56.6326
S022,LIFOF,148.807,108.548
S022,LILF,148.274,132.218
S022,LKN27,145.519,137.412
S022,LKN28,145.742,141.027
S022,LKN29,145.268,137.792
S022,LKN30,145.676,140.813
S022,LKN31,150.351,118.932
S022,LKN32,150.089,122.719
S022,LKN33,152.086,126.353
S022,LKN34,143.975,117.681
S022,LKN35,155.794,117.625
S022,LKN36,154.612,120.427
S022,LKN37,149.919,132.195
S022,LKN38,150.151,133.558
S022,LKN39,164.173,145.736
S022,LKN40,165.173,146.882
S022,LKN41,164.549,145.668
S022,LKN42,165.919,146.046
S022,LKN43,139.25,46.8548
S022,LKN44,138.764,48.6678
S022,LKN45,137.474,52.773
S022,LKN46,136.577,58.6472
S022,LKN47,139.47,48.7221
S022,LKN48,140.908,54.5471
S022,LORV1,145.981,139.687
S022,LORV1V2,145.476,137.779
S022,LORV1V2R3,145.443,137.978
S022,LSLF,142.296,54.7048
S022,LTR,149.377,75.5713
S022,LUF,166.769,140.755
S022,RAF,141.781,76.4947
S022,RCC,143.734,94.2492
S022,RCH,157.574,138.085
S022,RCST,166.92,57.5183
S022,RIFO,147.508,112.099
S022,RILF,147.139,132.53
S022,RORV1,145.286,141.489
S022,RORV1V2,145.237,140.565
S022,RORV1V2R3,145.697,140.562
S022,RSLF,143.048,49.0218
S022,RTR,147.925,73.5094
S022,RUF,163.044,144.954
S023,CFMaj,131.101,131.495
S023,CFMin,94.6302,94.8508
S023,LAF,118.082,117.748
S023,LCC,120.393,120.029
S023,LCH,142.759,142.668
S023,LCST,120.184,119.928
S023,LIFOF,128.255,128.945
S023,LILF,139.702,139.879
S023,LKN27,134.127,134.14
S023,LKN28,137.907,137.816
S023,LKN29,133.568,133.622
S023,LKN30,137.344,137.338
S023,LKN31,129.83,129.755
S023,LKN32,130.831,130.716
S023,LKN33,129.789,129.849
S023,LKN34,128.802,128.745
S023,LKN35,130.386,130.515
S023,LKN36,130.474,130.361
S023,LKN37,130.56,130.472
S023,LKN38,129.821,129.269
S023,LKN39,163.631,164.4
S023,LKN40,157.04,155.729
S023,LKN41,167.448,168.8
S023,LKN42,164.51,163.714
S023,LKN43,113.677,113.587
S023,LKN44,117.463,117.53
S023,LKN45,114.583,114.517
S023,LKN46,121.789,121.703
S023,LKN47,109.009,108.956
S023,LKN48,118.775,118.679
S023,LORV1,133.457,133.494
S023,LORV1V2,133.745,133.713
S023,LORV1V2R3,133.552,133.52
S023,LSLF,111.327,111.579
S023,LTR,107.277,107.62
S023,LUF,138.995,138.834
S023,RAF,127.21,126.701
S023,RCC,132.013,131.578
S023,RCH,143.941,144.089
S023,RCST,126.656,125.718
S023,RIFO,130.832,130.296
S023,RILF,141.322,141.101
S023,RORV1,136.38,136.278
S023,RORV1V2,137.389,137.229
S023,RORV1V2R3,137.321,137.177
S023,RSLF,119.993,119.914
S023,RTR,110.223,110.303
S023,RUF,141.636,141.659
S024,CFMaj,140.771,115.847
S024,CFMin,140.921,79.9116
S024,LAF,138.254,87.6451
S024,LCC,143.098,104.014
S024,LCH,165.521,138.682
S024,LCST,152.55,65.483
S024,LIFOF,143.7,114.627
S024,LILF,143.027,133.93
S024,LKN27,141.075,136.718
S024,LKN28,141.65,122.975
S024,LKN29,141.031,136.728
S024,LKN30,141.613,122.616
S024,LKN31,147.336,124.267
S024,LKN32,143.436,126.092
S024,LKN33,139.104,127.263
S024,LKN34,139.508,109.192
S024,LKN35,142.069,100.092
S024,LKN36,140.397,104.53
S024,LKN37,141.302,115.271
S024,LKN38,140.936,118.148
S024,LKN39,152.957,140.818
S024,LKN40,153.75,142.128
S024,LKN41,149.653,139.079
S024,LKN42,149.976,140.345
S024,LKN43,136.923,58.9098
S024,LKN44,137.42,50.5687
S024,LKN45,134.335,64.1598
S024,LKN46,135.321,58.6988
S024,LKN47,135.623,57.8827
S024,LKN48,137.006,51.5466
S024,LORV1,143.158,138.683
S024,LORV1V2,142.346,136.944
S024,LORV1V2R3,141.037,136.833
S024,LSLF,137.924,65.7622
S024,LTR,141.471,92.0564
S024,LUF,163.41,143.052
S024,RAF,138.549,68.4761
S024,RCC,143.058,101.613
S024,RCH,160.319,137.014
S024,RCST,156.272,60.4083
S024,RIFO,140.187,104.127
S024,RILF,141.843,119.498
S024,RORV1,140.323,125.609
S024,RORV1V2,141.605,122.702
S024,RORV1V2R3,141.693,123.102
S024,RSLF,138.821,39.4789
S024,RTR,140.332,76.2189
S024,RUF,152.187,138.662
S025,CFMaj,136.989,137.488
S025,CFMin,144.843,121.632
S025,LAF,136.99,132.502
S025,LCC,135.547,126.251
S025,LCH,146.45,150.428
S025,LCST,152.107,137.535
S025,LIFOF,143.45,137.733
S025,LILF,140.409,145.519
S025,LKN27,139.102,143.871
S025,LKN28,139.305,143.832
S025,LKN29,139.024,143.677
S025,LKN30,139.06,143.596
S025,LKN31,147.617,146.517
S025,LKN32,146.904,143.659
S025,LKN33,146.869,134.682
S025,LKN34,145.162,137.22
S025,LKN35,146.515,139.978
S025,LKN36,143.885,140.022
S025,LKN37,143.588,139.708
S025,LKN38,141.24,139.675
S025,LKN39,143.194,157.774
S025,LKN40,144.104,163.341
S025,LKN41,143.318,154.405
S025,LKN42,144.718,159.118
S025,LKN43,132.276,123.407
S025,LKN44,133.135,125.879
S025,LKN45,131.914,123.911
S025,LKN46,131.416,126.76
S025,LKN47,131.223,121.292
S025,LKN48,132.989,123.249
S025,LORV1,139.142,144.265
S025,LORV1V2,139.103,143.508
S025,LORV1V2R3,139.04,143.65
S025,LSLF,134.512,124.754
S025,LTR,143.867,123.514
S025,LUF,152.281,153.199
S025,RAF,133.441,133.201
S025,RCC,132.493,130.417
S025,RCH,156.779,149.381
S025,RCST,152.045,138.892
S025,RIFO,141.357,139.971
S025,RILF,141.299,146.497
S025,RORV1,139.122,143.415
S025,RORV1V2,139.146,143.403
S025,RORV1V2R3,139.146,143.463
S025,RSLF,133.743,124.915
S025,RTR,138.803,126.699
S025,RUF,150.419,146.686
S027,CFMaj,146.168,144.518
S027,CFMin,152.899,149.863
S027,LAF,140.42,142.36
S027,LCC,142.619,147.153
S027,LCH,152.746,141.015
S027,LCST,141.117,151.077
S027,LIFOF,145.419,146.159
S027,LILF,150.549,142.605
S027,LKN27,144.051,141.936
S027,LKN28,145.291,139.191
S027,LKN29,143.913,141.716
S027,LKN30,145.31,138.964
S027,LKN31,154.136,148.818
S027,LKN32,153.593,148.301
S027,LKN33,148.861,147.522
S027,LKN34,147.935,148.034
S027,LKN35,154.229,149.795
S027,LKN36,146.871,147.744
S027,LKN37,151.015,147.103
S027,LKN38,144.793,146.838
S027,LKN39,150.286,147.611
S027,LKN40,147.005,146.177
S027,LKN41,142.869,144.346
S027,LKN42,143.822,146.325
S027,LKN43,135.655,138.148
S027,LKN44,135.238,140.409
S027,LKN45,135.202,135.938
S027,LKN46,133.804,139.018
S027,LKN47,134.009,140.371
S027,LKN48,134.996,142.911
S027,LORV1,144.269,141.172
S027,LORV1V2,144.042,141.901
S027,LORV1V2R3,143.842,141.807
S027,LSLF,142.293,143.493
S027,LTR,153.42,154.184
S027,LUF,157.502,141.981
S027,RAF,139.964,140.747
S027,RCC,138.151,143.836
S027,RCH,149.48,135.196
S027,RCST,142.55,149.862
S027,RIFO,145.006,140.998
S027,RILF,150.249,135.277
S027,RORV1,145.49,140.334
S027,RORV1V2,145.144,139.831
S027,RORV1V2R3,145.11,139.286
S027,RSLF,140.656,144.159
S027,RTR,145.139,143.962
S027,RUF,164.331,133.635
S028,CFMaj,158.174,152.9
S028,CFMin,149.864,143.348
S028,LAF,148.752,147.711
S028,LCC,142.139,146.421
S028,LCH,199.388,141.425
S028,LCST,159.596,154.667
S028,LIFOF,156.063,148.387
S028,LILF,182.517,138.794
S028,LKN27,162.448,147.707
S028,LKN28,153.711,151.259
S028,LKN29,162.601,147.647
S028,LKN30,154.044,151.431
S028,LKN31,183.194,148.222
S028,LKN32,184.086,148.918
S028,LKN33,156.663,152.62
S028,LKN34,162.849,150.972
S028,LKN35,160.01,153.284
S028,LKN36,157.179,151.476
S028,LKN37,157.365,151.458
S028,LKN38,155.613,150.584
S028,LKN39,168.214,156.228
S028,LKN40,168.743,161.266
S028,LKN41,161.828,160.765
S028,LKN42,166.738,164.688
S028,LKN43,142.634,141.238
S028,LKN44,137.557,137.83
S028,LKN45,138.853,139.535
S028,LKN46,131.868,136.736
S028,LKN47,146.094,144.758
S028,LKN48,134.995,140.456
S028,LORV1,164.527,145.873
S028,LORV1V2,162.479,148.069
S028,LORV1V2R3,162.137,147.994
S028,LSLF,148.804,148.315
S028,LTR,154.813,151.456
S028,LUF,228.447,138.876
S028,RAF,137.326,139.802
S028,RCC,134.463,146.321
S028,RCH,151.327,144.896
S028,RCST,152.907,153.81
S028,RIFO,147.431,142.401
S028,RILF,151.459,139.695
S028,RORV1,152.809,151.937
S028,RORV1V2,153.829,151.811
S028,RORV1V2R3,153.97,152.322
S028,RSLF,135.872,141.442
S028,RTR,142.721,150.447
S028,RUF,170.183,119.744
S029,CFMaj,153.407,147.706
S029,CFMin,163.115,141.26
S029,LAF,147.278,142.238
S029,LCC,143.896,142.131
S029,LCH,160.389,157.304
S029,LCST,164.951,146.1
S029,LIFOF,152.702,147.841
S029,LILF,154.153,153.394
S029,LKN27,151.108,150.436
S029,LKN28,154.582,151.58
S029,LKN29,151.026,150.062
S029,LKN30,154.787,151.481
S029,LKN31,158.915,147.303
S029,LKN32,150.572,144.793
S029,LKN33,157.086,144.035
S029,LKN34,148.43,143.745
S029,LKN35,156.564,146.355
S029,LKN36,151.933,145.716
S029,LKN37,154.164,146.434
S029,LKN38,151.424,145.135
S029,LKN39,156.864,152.211
S029,LKN40,157.128,156.411
S029,LKN41,156.581,149.407
S029,LKN42,156.949,155.758
S029,LKN43,143.658,137.81
S029,LKN44,143.197,136.527
S029,LKN45,143.596,137.422
S029,LKN46,142.87,135.564
S029,LKN47,144.97,133.644
S029,LKN48,144.876,132.339
S029,LORV1,150.276,150.491
S029,LORV1V2,151.03,150.333
S029,LORV1V2R3,151.04,150.105
S029,LSLF,147.524,138.986
S029,LTR,155.702,140.856
S029,LUF,174.839,158.087
S029,RAF,146.441,140.547
S029,RCC,142.446,140.445
S029,RCH,156.069,152.258
S029,RCST,162.215,143.792
S029,RIFO,152.791,148.734
S029,RILF,154.451,153.69
S029,RORV1,154.815,152.257
S029,RORV1V2,154.842,151.712
S029,RORV1V2R3,154.878,151.544
S029,RSLF,147.709,135.737
S029,RTR,154.026,141.921
S029,RUF,166.087,154.223
S031,CFMaj,140.981,142.952
S031,CFMin,140.176,142.548
S031,LAF,136.219,137.583
S031,LCC,135.187,138.337
S031,LCH,149.077,143.33
S031,LCST,143.01,141.894
S031,LIFOF,142.832,145.579
S031,LILF,142.474,142.034
S031,LKN27,145.154,146.654
S031,LKN28,143.065,146.296
S031,LKN29,145.311,146.631
S031,LKN30,142.538,145.811
S031,LKN31,139.422,147.66
S031,LKN32,139.151,141.007
S031,LKN33,138.664,143.048
S031,LKN34,137.286,139.058
S031,LKN35,149.057,147.019
S031,LKN36,140.909,147.533
S031,LKN37,147.438,146.996
S031,LKN38,138.582,145.854
S031,LKN39,145.485,149.055
S031,LKN40,147.353,149.309
S031,LKN41,148.256,154.628
S031,LKN42,148.268,153.435
S031,LKN43,133.884,134.848
S031,LKN44,135.418,135.656
S031,LKN45,132.795,135.093
S031,LKN46,133.729,134.925
S031,LKN47,133.066,134.406
S031,LKN48,135.154,137.218
S031,LORV1,144.795,146.595
S031,LORV1V2,144.884,146.344
S031,LORV1V2R3,144.935,146.643
S031,LSLF,135.702,136.412
S031,LTR,142.21,143.128
S031,LUF,147.087,144.461
S031,RAF,135.289,136.955
S031,RCC,133.863,135.559
S031,RCH,147.047,163.876
S031,RCST,145.326,142.318
S031,RIFO,142.967,143.671
S031,RILF,142.39,141.407
S031,RORV1,142.88,146.61
S031,RORV1V2,142.903,145.777
S031,RORV1V2R3,142.908,145.789
S031,RSLF,136.106,137.363
S031,RTR,140.107,141.388
S031,RUF,146.89,134.523
S032,CFMaj,154.444,152.283
S032,CFMin,154.318,149.81
S032,LAF,148.749,146.229
S032,LCC,146.384,146.837
S032,LCH,165.101,139.573
S032,LCST,159.565,146.223
S032,LIFOF,152.618,150.279
S032,LILF,154.891,146.881
S032,LKN27,154.915,146.972
S032,LKN28,154.832,147.205
S032,LKN29,155.011,146.325
S032,LKN30,154.939,147.065
S032,LKN31,164.508,151.042
S032,LKN32,162.36,151.133
S032,LKN33,162.771,149.714
S032,LKN34,158.567,152.448
S032,LKN35,165.667,155.177
S032,LKN36,154.594,151.247
S032,LKN37,159.114,151.056
S032,LKN38,151.293,149.803
S032,LKN39,150.42,144.419
S032,LKN40,151.035,143.865
S032,LKN41,151.718,142.298
S032,LKN42,153.438,143.666
S032,LKN43,141.324,139.382
S032,LKN44,142.862,141.497
S032,LKN45,140.886,137.35
S032,LKN46,141.573,138.378
S032,LKN47,142.714,143.243
S032,LKN48,147.079,145.339
S032,LORV1,153.29,146.751
S032,LORV1V2,155.024,147.269
S032,LORV1V2R3,155.006,146.719
S032,LSLF,149.201,146.567
S032,LTR,152.933,149.118
S032,LUF,167.558,153.709
S032,RAF,148.963,146.343
S032,RCC,147.889,147.487
S032,RCH,154.754,129.207
S032,RCST,161.372,148.492
S032,RIFO,153.005,151.21
S032,RILF,157.966,147.426
S032,RORV1,155.068,148.517
S032,RORV1V2,155.269,147.817
S032,RORV1V2R3,154.898,147.158
S032,RSLF,150.176,148.354
S032,RTR,150.046,148.259
S032,RUF,161.751,140.731
S033,CFMaj,150.36,143.085
S033,CFMin,150.199,148.082
S033,LAF,143.839,139.384
S033,LCC,141.197,138.578
S033,LCH,150.691,156.72
S033,LCST,149.631,138.221
S033,LIFOF,147.138,142.849
S033,LILF,147.743,150.985
S033,LKN27,148.358,144.197
S033,LKN28,152.054,146.565
S033,LKN29,148.357,144.085
S033,LKN30,152.632,146.891
S033,LKN31,154.238,156.495
S033,LKN32,150.442,150.762
S033,LKN33,149.231,143.914
S033,LKN34,148.842,146.336
S033,LKN35,157.571,163.576
S033,LKN36,150.093,151.024
S033,LKN37,150.58,152.602
S033,LKN38,147.038,148.523
S033,LKN39,150.372,152.248
S033,LKN40,150.459,151.015
S033,LKN41,152.804,149.104
S033,LKN42,153.039,151.9
S033,LKN43,137.223,132.228
S033,LKN44,138.429,135.658
S033,LKN45,133.838,129.011
S033,LKN46,135.925,132.812
S033,LKN47,138.765,130.113
S033,LKN48,142.042,132.089
S033,LORV1,147.073,143.865
S033,LORV1V2,148.074,143.968
S033,LORV1V2R3,148.203,143.952
S033,LSLF,142.293,136.702
S033,LTR,146.424,144.786
S033,LUF,157.987,165.781
S033,RAF,145.978,142.627
S033,RCC,140.307,135.557
S033,RCH,152.923,156.926
S033,RCST,154.133,144.218
S033,RIFO,148.086,144.316
S033,RILF,151.394,158.321
S033,RORV1,150.721,146.129
S033,RORV1V2,152.103,146.603
S033,RORV1V2R3,152.315,146.729
S033,RSLF,143.564,137.229
S033,RTR,144.884,142.234
S033,RUF,165.689,191.289
S034,CFMaj,154.296,161.802
S034,CFMin,146.648,156.561
S034,LAF,143.499,151.404
S034,LCC,140.319,146.88
S034,LCH,152.745,166.823
S034,LCST,150.563,161.473
S034,LIFOF,151.457,158.56
S034,LILF,153.99,161.608
S034,LKN27,152.911,160.314
S034,LKN28,155.465,166.28
S034,LKN29,152.781,160.688
S034,LKN30,155.306,166.857
S034,LKN31,162.669,178.14
S034,LKN32,160.761,173.831
S034,LKN33,152.196,171.32
S034,LKN34,149.852,159.271
S034,LKN35,166.525,185.879
S034,LKN36,163.44,177.283
S034,LKN37,160.022,172.256
S034,LKN38,154.415,163.23
S034,LKN39,154.799,157.588
S034,LKN40,153.039,158.552
S034,LKN41,153.907,162.444
S034,LKN42,155.381,162.211
S034,LKN43,143.186,152.523
S034,LKN44,142.83,153.727
S034,LKN45,140.018,147.783
S034,LKN46,140.043,149.994
S034,LKN47,141.171,148.798
S034,LKN48,142.789,155.506
S034,LORV1,153.507,160.339
S034,LORV1V2,152.991,160.268
S034,LORV1V2R3,152.743,160.413
S034,LSLF,144.753,154.817
S034,LTR,148.151,156.464
S034,LUF,162.015,179.004
S034,RAF,144.723,152.895
S034,RCC,140.7,152.165
S034,RCH,157.843,177.934
S034,RCST,150.883,160.305
S034,RIFO,152.531,160.664
S034,RILF,156.375,170.131
S034,RORV1,155.516,165.575
S034,RORV1V2,155.593,165.895
S034,RORV1V2R3,155.345,166.413
S034,RSLF,145.324,155.635
S034,RTR,145.332,156.229
S034,RUF,157.645,177.895
S035,CFMaj,154.896,130.069
S035,CFMin,150.458,144.037
S035,LAF,145.928,137.558
S035,LCC,141.779,139.854
S035,LCH,172.688,155.637
S035,LCST,155.643,145.103
S035,LIFOF,150.993,144.54
S035,LILF,159.75,144.724
S035,LKN27,157.967,132.955
S035,LKN28,157.997,131.251
S035,LKN29,158.414,132.359
S035,LKN30,158.323,131.198
S035,LKN31,163.625,153.718
S035,LKN32,159.561,153.446
S035,LKN33,154.687,155.818
S035,LKN34,151.982,150.479
S035,LKN35,174.705,154.059
S035,LKN36,158.602,148.877
S035,LKN37,159.697,156.56
S035,LKN38,154.151,151.956
S035,LKN39,162.276,158.655
S035,LKN40,162.784,156.992
S035,LKN41,164.085,155.324
S035,LKN42,165.584,155.684
S035,LKN43,139.887,136.903
S035,LKN44,142.01,139.707
S035,LKN45,138.213,135.342
S035,LKN46,137.719,137.48
S035,LKN47,141.149,136.184
S035,LKN48,144.576,140.004
S035,LORV1,155.886,138.163
S035,LORV1V2,157.664,134.529
S035,LORV1V2R3,158.126,133.687
S035,LSLF,146.952,136.304
S035,LTR,149.532,147.203
S035,LUF,193.349,163.253
S035,RAF,142.82,138.252
S035,RCC,143.874,137.063
S035,RCH,168.753,152.651
S035,RCST,160.949,145.761
S035,RIFO,150.009,143.333
S035,RILF,160.889,141.49
S035,RORV1,155.919,137.182
S035,RORV1V2,157.45,133.973
S035,RORV1V2R3,158.081,131.626
S035,RSLF,146.178,137.064
S035,RTR,149.62,144.571
S035,RUF,187.565,150.069
S036,CFMaj,149.847,160.011
S036,CFMin,148.316,163.833
S036,LAF,144.268,152.86
S036,LCC,141.774,142.488
S036,LCH,156.216,166.23
S036,LCST,148.957,155.838
S036,LIFOF,147.259,148.778
S036,LILF,149.695,159.94
S036,LKN27,148.425,158.033
S036,LKN28,149.037,159.002
S036,LKN29,148.615,158.617
S036,LKN30,149.055,159.565
S036,LKN31,158.278,161.507
S036,LKN32,150.728,156.431
S036,LKN33,154.142,160.815
S036,LKN34,151.374,157.775
S036,LKN35,159.666,171.253
S036,LKN36,156.858,172.176
S036,LKN37,154.891,165.498
S036,LKN38,152.898,166.855
S036,LKN39,147.042,151.663
S036,LKN40,148.113,159.343
S036,LKN41,146.372,152.388
S036,LKN42,147.511,154.074
S036,LKN43,139.128,144.878
S036,LKN44,139.801,149.34
S036,LKN45,136.778,138.704
S036,LKN46,135.779,140.72
S036,LKN47,140.644,146.674
S036,LKN48,140.981,147.915
S036,LORV1,147.76,156.766
S036,LORV1V2,148.531,158.505
S036,LORV1V2R3,148.543,158.548
S036,LSLF,144.487,151.852
S036,LTR,148.298,151.963
S036,LUF,162.582,190.363
S036,RAF,141.392,148.595
S036,RCC,139.935,155.662
S036,RCH,155.689,172.031
S036,RCST,150.846,163.979
S036,RIFO,145.444,154.997
S036,RILF,149.765,166.877
S036,RORV1,148.51,158.825
S036,RORV1V2,148.91,159.33
S036,RORV1V2R3,148.813,159.228
S036,RSLF,143.988,151.797
S036,RTR,144.289,155.861
S036,RUF,160.743,190.251
S037,CFMaj,149.547,148.022
S037,CFMin,150.963,152.707
S037,LAF,150.417,151.205
S037,LCC,145.227,143.33
S037,LCH,167.819,155.078
S037,LCST,154.139,154.867
S037,LIFOF,150.685,149.032
S037,LILF,158.465,151.307
S037,LKN27,146.937,146.528
S037,LKN28,148.884,147.278
S037,LKN29,147.254,146.403
S037,LKN30,148.945,147.279
S037,LKN31,166.41,161.871
S037,LKN32,158.6,158.54
S037,LKN33,159.632,157.608
S037,LKN34,154.665,155.075
S037,LKN35,167.773,167.94
S037,LKN36,156.625,161.764
S037,LKN37,162.4,164.975
S037,LKN38,152.666,156.75
S037,LKN39,148.685,147.991
S037,LKN40,145.282,145.091
S037,LKN41,152.537,150.305
S037,LKN42,151.126,149.634
S037,LKN43,142.984,144.034
S037,LKN44,141.709,141.888
S037,LKN45,138.515,139.743
S037,LKN46,138.223,138.989
S037,LKN47,147.926,148.02
S037,LKN48,145.091,143.929
S037,LORV1,147.486,146.815
S037,LORV1V2,147.042,146.457
S037,LORV1V2R3,147.018,146.062
S037,LSLF,150.253,149.921
S037,LTR,152.879,151.796
S037,LUF,213.311,189.027
S037,RAF,145.095,145.029
S037,RCC,143.846,148.222
S037,RCH,159.528,162.92
S037,RCST,159.468,154.904
S037,RIFO,149.596,149.287
S037,RILF,154.117,160.569
S037,RORV1,151.074,148.351
S037,RORV1V2,149.445,147.885
S037,RORV1V2R3,148.981,147.29
S037,RSLF,146.902,146.704
S037,RTR,148.005,149.831
S037,RUF,171.222,177.379
S038,CFMaj,145.695,152.047
S038,CFMin,143.125,146.303
S038,LAF,138.301,142.766
S038,LCC,136.284,141.781
S038,LCH,156.112,162.99
S038,LCST,160.88,161.433
S038,LIFOF,146.409,148.952
S038,LILF,149.91,159.753
S038,LKN27,148.88,153.312
S038,LKN28,149.579,155.691
S038,LKN29,148.961,153.532
S038,LKN30,149.473,155.946
S038,LKN31,154.0,154.358
S038,LKN32,151.112,153.786
S038,LKN33,148.126,144.489
S038,LKN34,146.045,148.941
S038,LKN35,154.127,168.204
S038,LKN36,147.688,158.238
S038,LKN37,148.66,154.93
S038,LKN38,142.711,149.057
S038,LKN39,160.06,169.112
S038,LKN40,158.904,167.126
S038,LKN41,164.522,172.249
S038,LKN42,165.617,171.613
S038,LKN43,136.351,143.107
S038,LKN44,136.647,140.656
S038,LKN45,135.38,136.252
S038,LKN46,132.918,134.79
S038,LKN47,136.132,140.415
S038,LKN48,138.76,141.307
S038,LORV1,148.963,153.099
S038,LORV1V2,148.928,153.442
S038,LORV1V2R3,148.954,153.331
S038,LSLF,138.068,143.483
S038,LTR,146.92,150.075
S038,LUF,165.572,176.206
S038,RAF,136.54,139.143
S038,RCC,134.741,136.612
S038,RCH,151.283,157.872
S038,RCST,164.731,159.59
S038,RIFO,145.378,149.034
S038,RILF,147.217,155.333
S038,RORV1,149.626,156.109
S038,RORV1V2,149.34,155.678
S038,RORV1V2R3,149.586,155.624
S038,RSLF,137.029,141.664
S038,RTR,144.391,144.235
S038,RUF,151.566,161.517
TOT7729F,CFMaj,,164.563
TOT7729F,CFMin,,144.92
TOT7729F,LAF,,142.671
TOT7729F,LCC,,149.501
TOT7729F,LCH,,204.575
TOT7729F,LCST,,169.238
TOT7729F,LIFOF,,147.392
TOT7729F,LILF,,133.753
TOT7729F,LKN27,145.304,141.175
TOT7729F,LKN28,148.338,144.35
TOT7729F,LKN29,145.409,142.414
TOT7729F,LKN30,148.697,144.42
TOT7729F,LKN31,154.029,156.464
TOT7729F,LKN32,149.925,155.615
TOT7729F,LKN33,149.925,160.453
TOT7729F,LKN34,146.333,155.786
TOT7729F,LKN35,151.412,154.652
TOT7729F,LKN36,149.406,152.933
TOT7729F,LKN37,154.093,159.618
TOT7729F,LKN38,149.779,156.079
TOT7729F,LKN39,153.036,166.865
TOT7729F,LKN40,151.533,162.512
TOT7729F,LKN41,152.278,169.181
TOT7729F,LKN42,153.667,169.432
TOT7729F,LKN43,134.193,139.092
TOT7729F,LKN44,135.573,139.529
TOT7729F,LKN45,132.705,136.777
TOT7729F,LKN46,134.218,136.419
TOT7729F,LKN47,136.107,140.054
TOT7729F,LKN48,137.831,141.723
TOT7729F,LORV1,,146.124
TOT7729F,LORV1V2,,141.826
TOT7729F,LORV1V2R3,,141.9
TOT7729F,LSLF,,141.585
TOT7729F,LTR,,152.053
TOT7729F,LUF,,138.449
TOT7729F,RAF,,141.712
TOT7729F,RCC,,145.865
TOT7729F,RCH,,189.25
TOT7729F,RCST,,167.711
TOT7729F,RIFO,,150.561
TOT7729F,RILF,,141.823
TOT7729F,RORV1,,145.262
TOT7729F,RORV1V2,,145.017
TOT7729F,RORV1V2R3,,144.58
TOT7729F,RSLF,,141.959
TOT7729F,RTR,,148.31
TOT7729F,RUF,,155.063
